,file_name,recall_0.1,recall_0.25,recall_0.5,recall_0.75,recall_0.9,wss_0.95,erf_0.1,atd
0,metrics_sim_van_de_Schoot_2018_nb_tfidf_cluster_undersample_0.json,0.972972972972973,0.972972972972973,1.0,1.0,1.0,0.8348745046235139,0.8648648648648649,195.86486486486487
1,metrics_sim_van_de_Schoot_2018_nb_tfidf_max_random_undersample_0.json,0.8108108108108109,0.8918918918918919,0.972972972972973,0.972972972972973,1.0,0.6682078379568472,0.7027027027027027,407.0810810810811
2,metrics_sim_van_de_Schoot_2018_nb_tfidf_max_uncertainty_undersample_0.json,0.8378378378378378,0.9459459459459459,0.972972972972973,1.0,1.0,0.7073976221928666,0.7297297297297297,337.5405405405405
3,metrics_sim_van_de_Schoot_2018_nb_tfidf_max_undersample_0.json,0.972972972972973,1.0,1.0,1.0,1.0,0.8899163364156759,0.8648648648648649,138.8108108108108
4,metrics_sim_van_de_Schoot_2018_nb_tfidf_uncertainty_undersample_0.json,0.0,0.0,0.02702702702702703,0.08108108108108109,0.1891891891891892,-0.0662703654777631,-0.10810810810810811,4258.027027027027
